pkg_name	role	band
@abp/bootstrap-datepicker	control	10K-100K
@abp/core	control	10K-100K
@accordproject/concerto-core	control	10K-100K
@actions/core	control	1M+
@actions/github	control	1M+
@actions/http-client	control	1M+
@aduh95/viz.js	control	1M+
@ag-grid-community/angular	control	100K-1M
@ag-grid-enterprise/clipboard	control	100K-1M
@ag-grid-enterprise/excel-export	control	100K-1M
@airgap/beacon-ui	control	10K-100K
@algolia/autocomplete-core	control	1M+
@algolia/client-common	control	1M+
@algolia/client-search	control	1M+
@algolia/logger-console	control	1M+
@algolia/transporter	control	1M+
@alilc/lowcode-renderer-core	control	1K-10K
@amplitude/eslint-config-typescript	control	10K-100K
@amplitude/ua-parser-js	control	1M+
@analytics/type-utils	control	100K-1M
@anchan828/nest-storage	control	1K-10K
@anchan828/nest-storage-s3	control	1K-10K
@angular-builders/custom-webpack	control	1M+
@angular-devkit/core	control	1M+
@angular-eslint/eslint-plugin	control	1M+
@angular-eslint/schematics	control	1M+
@angular-eslint/template-parser	control	1M+
@angular-slider/ngx-slider	control	100K-1M
@angular/animations	control	1M+
@angular/cdk	control	1M+
@angular/localize	control	1M+
@angular/platform-browser	control	1M+
@angular/router	control	1M+
@antora/ui-loader	control	10K-100K
@apollo/subgraph	control	1M+
@apollo/utils.printwithreducedwhitespace	control	1M+
@apollo/utils.sortast	control	1M+
@applitools/utils	control	1M+
@architect/logs	control	10K-100K
@arconnect/components	control	1K-10K
@ardatan/relay-compiler	control	1M+
@atlaskit/page-layout	control	10K-100K
@atlassian/aui	control	100K-1M
@atomicfinance/bitcoin-wallet-provider	control	1K-10K
@awesome-cordova-plugins/app-availability	control	10K-100K
@awesome-cordova-plugins/core	control	100K-1M
@awesome-cordova-plugins/open-native-settings	control	10K-100K
@aws-amplify/amplify-category-custom	control	100K-1M
@aws-amplify/cache	control	1M+
@aws-amplify/codegen-ui	control	10K-100K
@aws-amplify/storage	control	1M+
@aws-cdk/aws-acmpca	control	1M+
@aws-cdk/aws-appmesh	control	10K-100K
@aws-cdk/aws-codepipeline	control	1M+
@aws-cdk/aws-dynamodb	control	1M+
@aws-cdk/aws-ec2	control	1M+
@aws-cdk/aws-ecs	control	1M+
@aws-cdk/aws-elasticloadbalancingv2	control	1M+
@aws-cdk/aws-elasticloadbalancingv2-targets	control	100K-1M
@aws-cdk/aws-emrserverless	control	10K-100K
@aws-cdk/aws-events	control	1M+
@aws-cdk/aws-kinesis	control	1M+
@aws-cdk/aws-route53	control	1M+
@aws-cdk/aws-sqs	control	1M+
@aws-cdk/lambda-layer-kubectl	control	100K-1M
@aws-crypto/crc32	control	1M+
@aws-sdk/client-cloudwatch-events	control	10K-100K
@aws-sdk/client-comprehend	control	1M+
@aws-sdk/client-elastic-beanstalk	control	10K-100K
@aws-sdk/client-organizations	control	100K-1M
@aws-sdk/client-secrets-manager	control	1M+
@aws-sdk/client-transfer	control	10K-100K
@aws-sdk/client-translate	control	1M+
@aws-sdk/credential-provider-imds	control	1M+
@aws-sdk/credential-provider-node	control	1M+
@aws-sdk/endpoint-cache	control	1M+
@aws-sdk/eventstream-marshaller	control	1M+
@aws-sdk/hash-node	control	1M+
@aws-sdk/is-array-buffer	control	1M+
@aws-sdk/lib-storage	control	1M+
@aws-sdk/middleware-sdk-route53	control	100K-1M
@aws-sdk/middleware-sdk-s3	control	1M+
@aws-sdk/middleware-sdk-sts	control	1M+
@aws-sdk/middleware-stack	control	1M+
@aws-sdk/middleware-user-agent	control	1M+
@aws-sdk/protocol-http	control	1M+
@aws-sdk/shared-ini-file-loader	control	1M+
@aws-sdk/types	control	1M+
@aws-sdk/util-stream-node	control	1M+
@axa-fr/react-oidc	control	10K-100K
@axinom/mosaic-ui	control	1K-10K
@ayuskey/xev	control	1K-10K
@azure/core-amqp	control	100K-1M
@azure/core-client	control	1M+
@azure/core-xml	control	100K-1M
@azure/keyvault-keys	control	1M+
@azure/msal-angular	control	100K-1M
@babel/helper-builder-binary-assignment-operator-visitor	control	1M+
@babel/helper-optimise-call-expression	control	1M+
@babel/helper-split-export-declaration	control	1M+
@babel/helper-validator-option	control	1M+
@babel/node	control	1M+
@babel/parser	control	1M+
@babel/plugin-bugfix-safari-id-destructuring-collision-in-function-expression	control	1M+
@babel/plugin-proposal-async-generator-functions	control	1M+
@babel/plugin-proposal-class-properties	control	1M+
@babel/plugin-proposal-export-default-from	control	1M+
@babel/plugin-proposal-logical-assignment-operators	control	1M+
@babel/plugin-proposal-numeric-separator	control	1M+
@babel/plugin-transform-computed-properties	control	1M+
@babel/plugin-transform-destructuring	control	1M+
@babel/plugin-transform-flow-strip-types	control	1M+
@babel/plugin-transform-react-jsx-source	control	1M+
@babel/plugin-transform-reserved-words	control	1M+
@babel/preset-env	control	1M+
@backstage/config-loader	control	100K-1M
@backstage/plugin-catalog-common	control	100K-1M
@backstage/plugin-catalog-react	control	10K-100K
@barchart/common-js	control	1K-10K
@based/client	control	10K-100K
@bazel/jasmine	control	100K-1M
@bazel/rollup	control	1M+
@bentoproject/list	control	1K-10K
@berkeleylibrary/galc-ui	control	1K-10K
@better-scroll/observe-image	control	10K-100K
@bitgo/sdk-api	control	1K-10K
@bloks/constants	control	1K-10K
@blueprintjs/icons	control	100K-1M
@borderfreefinancial/dev-revo-json-consumer-sdk	control	1K-10K
@bosonprotocol/common	control	1K-10K
@brandingbrand/fslinker	control	10K-100K
@brightspace-ui-labs/multi-select	control	1K-10K
@bugsnag/browser	control	1M+
@bugsnag/core	control	1M+
@bugsnag/js	control	1M+
@builder.io/widgets	control	10K-100K
@cadolabs/auth-http-provider	control	1K-10K
@camunda/element-templates-json-schema	control	10K-100K
@capacitor-firebase/crashlytics	control	1K-10K
@carbon/charts-svelte	control	1K-10K
@celo/wallet-base	control	10K-100K
@central-design-system/components	control	1K-10K
@chakra-ui/counter	control	1M+
@chakra-ui/descendant	control	1M+
@chakra-ui/form-control	control	1M+
@chakra-ui/input	control	1M+
@chakra-ui/menu	control	1M+
@chakra-ui/pin-input	control	1M+
@chakra-ui/slider	control	1M+
@chakra-ui/spinner	control	1M+
@chakra-ui/storybook-addon	control	100K-1M
@chakra-ui/switch	control	1M+
@chakra-ui/tag	control	1M+
@chakra-ui/textarea	control	1M+
@changesets/get-release-plan	control	100K-1M
@checkdigit/typescript-config	control	1K-10K
@ckeditor/ckeditor5-adapter-ckfinder	control	100K-1M
@ckeditor/ckeditor5-block-quote	control	100K-1M
@ckeditor/ckeditor5-remove-format	control	100K-1M
@cloudscape-design/design-tokens	control	1K-10K
@clutch-sh/wizard	control	10K-100K
@cockroachlabs/cluster-ui	control	10K-100K
@codeceptjs/configure	control	100K-1M
@codemirror/state	control	1M+
@codemirror/view	control	1M+
@commercetools-uikit/select-field	control	10K-100K
@commercetools/sdk-auth	control	100K-1M
@commitlint/execute-rule	control	1M+
@commitlint/format	control	1M+
@commitlint/is-ignored	control	1M+
@commitlint/resolve-extends	control	1M+
@compodoc/compodoc	control	1M+
@comunica/actor-query-operation-reduced-hash	control	10K-100K
@comunica/actor-query-operation-update-deleteinsert	control	10K-100K
@comunica/actor-query-result-serialize-simple	control	1K-10K
@comunica/actor-rdf-resolve-quad-pattern-rdfjs-source	control	10K-100K
@comunica/data-factory	control	10K-100K
@contentful/f36-drag-handle	control	100K-1M
@contentful/f36-tokens	control	100K-1M
@contentful/forma-36-tokens	control	10K-100K
@contentlayer/utils	control	10K-100K
@cosmjs/math	control	100K-1M
@cosmjs/socket	control	100K-1M
@cspell/dict-ruby	control	100K-1M
@cspotcode/source-map-support	control	1M+
@csstools/postcss-color-function	control	1M+
@csstools/postcss-font-format-keywords	control	1M+
@csstools/postcss-ic-unit	control	1M+
@csstools/postcss-trigonometric-functions	control	1M+
@cubejs-client/core	control	100K-1M
@cucumber/message-streams	control	1M+
@cypress/code-coverage	control	1M+
@damilaredev/eslint-config-basic	control	1K-10K
@dao-xyz/ipfs-log	control	1K-10K
@datadog/build-plugin	control	10K-100K
@datadog/mobile-react-navigation	control	100K-1M
@date-io/core	control	1M+
@date-io/luxon	control	1M+
@dcl/build-ecs	control	10K-100K
@dcloudio/uni-stat	control	10K-100K
@deck.gl/core	control	100K-1M
@deck.gl/mesh-layers	control	100K-1M
@defichain/jellyfish-api-jsonrpc	control	10K-100K
@derockdev/discord-components-react	control	1K-10K
@dialectlabs/sdk	control	1K-10K
@discordjs/builders	control	1M+
@dnd-kit/modifiers	control	100K-1M
@doreamonjs/plugin-application	control	1K-10K
@ecl/vanilla-utility-background	control	1K-10K
@electron-forge/core	control	100K-1M
@electron-forge/installer-darwin	control	100K-1M
@elliemae/ds-form-input-text	control	10K-100K
@elliemae/ds-notification-badge	control	10K-100K
@elvia/elvis-divider	control	1K-10K
@ember-data/record-data	control	100K-1M
@emotion/server	control	1M+
@emotion/use-insertion-effect-with-fallbacks	control	1M+
@envelop/apollo-server-errors	control	10K-100K
@esbuild-kit/core-utils	control	100K-1M
@esfx/cancelable	control	10K-100K
@eslint/eslintrc	control	1M+
@esutils/deferred	control	1K-10K
@ethersproject/hdnode	control	1M+
@ethersproject/json-wallets	control	1M+
@eui/tools	control	10K-100K
@expo/html-elements	control	10K-100K
@expo/xcpretty	control	1M+
@extra-array/difference.min	control	1K-10K
@fable/eslint-plugin-implicit-dependencies	control	1K-10K
@faker-js/faker	control	1M+
@fastify/websocket	control	100K-1M
@fattureincloud/fic-design-system	control	1K-10K
@fern-api/ir-generator	control	10K-100K
@figspec/react	control	1M+
@filerobot/icons	control	10K-100K
@financial-times/n-mask-logger	control	1K-10K
@findonflow/aera-client	control	1K-10K
@firebase/app-check-types	control	1M+
@firebase/database	control	1M+
@firebase/database-compat	control	1M+
@firebase/logger	control	1M+
@firebase/messaging-interop-types	control	1M+
@firebase/remote-config-compat	control	1M+
@firebase/util	control	1M+
@fisker/eslint-config	control	10K-100K
@flatfile/react	control	10K-100K
@floating-ui/dom	control	1M+
@fluentui/react-focus	control	100K-1M
@fluentui/react-theme	control	10K-100K
@fluentui/styles	control	10K-100K
@fluidframework/azure-client	control	1K-10K
@fluidframework/container-definitions	control	10K-100K
@focus4/core	control	1K-10K
@fontsource/kanit	control	1K-10K
@fontsource/playfair-display	control	10K-100K
@forge/resolver	control	10K-100K
@form8ion/core	control	10K-100K
@form8ion/remark-lint-preset	control	10K-100K
@formatjs/fast-memoize	control	1M+
@formatjs/icu-messageformat-parser	control	1M+
@formatjs/intl-listformat	control	1M+
@formatjs/intl-relativetimeformat	control	1M+
@fortawesome/free-solid-svg-icons	control	1M+
@foxglove/regl-worldview	control	1K-10K
@franzzemen/re-logical-condition	control	1K-10K
@fullcalendar/core	control	1M+
@fullcalendar/interaction	control	1M+
@fullcalendar/resource-daygrid	control	100K-1M
@fullpage/react-fullpage	control	10K-100K
@funboxteam/eslint-config	control	1K-10K
@ganache/ethereum-address	control	10K-100K
@gemeente-denhaag/authentication-block	control	1K-10K
@geoman-io/leaflet-geoman-free	control	10K-100K
@gitbeaker/core	control	100K-1M
@gitpod/supervisor-api-grpcweb	control	10K-100K
@glimmer/node	control	10K-100K
@golevelup/nestjs-common	control	100K-1M
@google-cloud/bigquery	control	1M+
@google-cloud/common	control	1M+
@google-cloud/opentelemetry-cloud-trace-exporter	control	100K-1M
@google-cloud/projectify	control	1M+
@google-cloud/promisify	control	1M+
@google-cloud/trace-agent	control	100K-1M
@googlemaps/markerclusterer	control	1M+
@grafana/ui	control	100K-1M
@grapecity/wijmo.angular2.chart.hierarchical	control	10K-100K
@grapecity/wijmo.angular2.grid.filter	control	10K-100K
@grapecity/wijmo.vue2.chart.finance.analytics	control	10K-100K
@grapecity/wijmo.vue2.chart.hierarchical	control	10K-100K
@grapecity/wijmo.webcomponents.chart.animation	control	10K-100K
@graphprotocol/contracts	control	1K-10K
@graphql-codegen/add	control	1M+
@graphql-codegen/java	control	10K-100K
@graphql-codegen/typescript	control	1M+
@graphql-codegen/typescript-document-nodes	control	100K-1M
@graphql-codegen/typescript-resolvers	control	1M+
@graphql-eslint/eslint-plugin	control	1M+
@graphql-inspector/loaders	control	100K-1M
@graphql-tools/apollo-engine-loader	control	1M+
@graphql-tools/git-loader	control	1M+
@graphql-yoga/plugin-prometheus	control	10K-100K
@graphql-yoga/render-graphiql	control	100K-1M
@gregvanko/nanox	control	1K-10K
@gympass/yoga-tokens	control	1K-10K
@hapi/accept	control	1M+
@hapi/boom	control	1M+
@hapi/call	control	1M+
@hapi/catbox-memory	control	1M+
@hapi/mimos	control	1M+
@hapi/teamwork	control	1M+
@headlessui/react	control	1M+
@hero-design/colors	control	10K-100K
@heroku-cli/plugin-ci-v5	control	10K-100K
@hint/hint-no-html-only-headers	control	100K-1M
@hint/hint-typescript-config	control	100K-1M
@hint/hint-validate-set-cookie-header	control	100K-1M
@hint/hint-webpack-config	control	100K-1M
@hint/utils-css	control	100K-1M
@homebridge/put	control	10K-100K
@hoprnet/hoprd	control	10K-100K
@hsds/overlay	control	1K-10K
@hubble.gl/core	control	1K-10K
@humanwhocodes/config-array	control	1M+
@humanwhocodes/gitignore-to-minimatch	control	1M+
@hyperledger/vcxagent-core	control	10K-100K
@ibm-cloud/openapi-ruleset	control	100K-1M
@iconify/react	control	100K-1M
@ikas/api-client	control	10K-100K
@indic-transliteration/sanscript	control	1K-10K
@innei/prettier	control	1K-10K
@instructure/console	control	10K-100K
@instructure/ui-calendar	control	10K-100K
@ionic/utils-subprocess	control	100K-1M
@ioredis/as-callback	control	100K-1M
@itsjamie/esdoc-brand-plugin	control	1K-10K
@itwin/build-tools	control	10K-100K
@jackfranklin/test-data-bot	control	100K-1M
@javascript-obfuscator/escodegen	control	100K-1M
@jest/expect-utils	control	1M+
@jest/fake-timers	control	1M+
@jest/source-map	control	1M+
@jest/types	control	1M+
@jimp/jpeg	control	1M+
@jimp/plugin-resize	control	1M+
@jimp/plugin-rotate	control	1M+
@jimp/plugin-threshold	control	1M+
@jimp/plugins	control	1M+
@johanblumenberg/ts-mockito	control	10K-100K
@jonkemp/package-utils	control	100K-1M
@journeyapps/evaluator	control	10K-100K
@jridgewell/resolve-uri	control	1M+
@jup-ag/core	control	10K-100K
@jupyterlab/codeeditor	control	100K-1M
@jupyterlab/coreutils	control	100K-1M
@jupyterlab/running	control	100K-1M
@jupyterlab/vdom	control	100K-1M
@jupyterlab/vega5-extension	control	100K-1M
@kaizen/draft-select	control	10K-100K
@knapsack/bitbucket-api	control	10K-100K
@kolkov/angular-editor	control	100K-1M
@leafygreen-ui/box	control	10K-100K
@ledgerhq/hw-app-eth	control	100K-1M
@ledgerhq/hw-transport-node-hid	control	100K-1M
@leecheuk/react-google-login	control	1K-10K
@lerna/collect-uncommitted	control	1M+
@lerna/diff	control	1M+
@lerna/filter-packages	control	1M+
@lerna/npm-publish	control	1M+
@lerna/profiler	control	1M+
@lerna/resolve-symlink	control	1M+
@lerna/temp-write	control	1M+
@lexical/yjs	control	100K-1M
@lezer/common	control	1M+
@libj/http	control	10K-100K
@libriciel/ls-composants	control	1K-10K
@liff/permanent-link	control	10K-100K
@liftric/cognito-idp	control	1K-10K
@linkedmd/parser	control	1K-10K
@lit-labs/motion	control	10K-100K
@lit-labs/react	control	1M+
@logcomex/shared-components	control	1K-10K
@logzio-node-toolbox/logger	control	10K-100K
@loki/target-chrome-app	control	100K-1M
@loomhq/loom-embed	control	100K-1M
@loopback/build	control	10K-100K
@lskjs/sequelize	control	1K-10K
@ltht-react/diagnosis-summary	control	1K-10K
@luma.gl/experimental	control	100K-1M
@luma.gl/gltools	control	100K-1M
@lumino/dragdrop	control	100K-1M
@luxuryescapes/lib-uri-templates	control	1K-10K
@macpaw/browser-deeplink	control	1K-10K
@mailchimp/mailchimp_marketing	control	100K-1M
@makemydeal/cdk-types	control	1K-10K
@mapbox/maki	control	10K-100K
@mapbox/node-pre-gyp	control	1M+
@material/base	control	100K-1M
@material/card	control	100K-1M
@material/menu	control	100K-1M
@materya/carbon	control	1K-10K
@matheo/datepicker	control	10K-100K
@maticnetwork/fx-portal	control	1K-10K
@mdi/js	control	100K-1M
@mdn/browser-compat-data	control	1M+
@metaplex-foundation/mpl-candy-machine	control	100K-1M
@micromag/transforms	control	1K-10K
@microsoft.azure/openapi-validator	control	10K-100K
@microsoft/ads-service-downloader	control	1K-10K
@microsoft/applicationinsights-analytics-js	control	1M+
@microsoft/applicationinsights-dependencies-js	control	1M+
@microsoft/applicationinsights-shims	control	1M+
@microsoft/applicationinsights-web	control	1M+
@microsoft/load-themed-styles	control	100K-1M
@microsoft/sp-loader	control	10K-100K
@microsoft/teamsfx	control	10K-100K
@microsoft/tsdoc	control	1M+
@middy/http-urlencode-body-parser	control	10K-100K
@midwayjs/express-session	control	1K-10K
@mikro-orm/mysql	control	100K-1M
@mikro-orm/postgresql	control	100K-1M
@miniflare/d1	control	100K-1M
@miniflare/storage-file	control	100K-1M
@modern-js/babel-preset-base	control	10K-100K
@modular-css/processor	control	10K-100K
@monaco-editor/loader	control	100K-1M
@mongosh/errors	control	10K-100K
@mongosh/shell-api	control	10K-100K
@mongosh/types	control	10K-100K
@moralisweb3/sol-utils	control	10K-100K
@motionone/animation	control	1M+
@mr-hope/vuepress-plugin-git	control	1K-10K
@msgpackr-extract/msgpackr-extract-darwin-arm64	control	1M+
@msgpackr-extract/msgpackr-extract-linux-x64	control	1M+
@mui/types	control	1M+
@mui/x-data-grid	control	1M+
@mux/playback-core	control	10K-100K
@nacelle/react-hooks	control	1K-10K
@napi-rs/pinyin-linux-arm64-musl	control	100K-1M
@napi-rs/simple-git-win32-x64-msvc	control	10K-100K
@napi-rs/snappy-linux-x64-musl	control	100K-1M
@neovision/react-query	control	1K-10K
@nestjs/jwt	control	1M+
@nestjs/mapped-types	control	1M+
@nestjs/terminus	control	1M+
@netlify/esbuild-windows-32	control	100K-1M
@netlify/plugin-gatsby	control	10K-100K
@netlify/plugins-list	control	100K-1M
@neuralegion/cypress-har-generator	control	10K-100K
@newrelic/koa	control	1M+
@newrelic/winston-enricher	control	100K-1M
@next-bricks/developers	control	1K-10K
@next/env	control	1M+
@next/plugin-storybook	control	10K-100K
@next/swc-android-arm-eabi	control	1M+
@next/swc-android-arm64	control	1M+
@next/swc-win32-x64-msvc	control	1M+
@ngneat/falso	control	100K-1M
@ngneat/until-destroy	control	100K-1M
@ngrx/entity	control	1M+
@ngxs/devtools-plugin	control	100K-1M
@nicolo-ribaudo/eslint-scope-5-internals	control	1M+
@nightlylabs/connect-near	control	1K-10K
@nitro/gulp	control	1K-10K
@nivo/swarmplot	control	10K-100K
@nlpjs/lang-ne	control	10K-100K
@nlpjs/lang-nl	control	10K-100K
@nlpjs/lang-th	control	10K-100K
@nlpjs/nlg	control	10K-100K
@nocobase/cache	control	1K-10K
@node-rs/xxhash-win32-x64-msvc	control	10K-100K
@nomicfoundation/ethereumjs-trie	control	100K-1M
@npmcli/config	control	1M+
@npmcli/disparity-colors	control	1M+
@npmcli/promise-spawn	control	1M+
@nrwl/nx-cloud	control	1M+
@nrwl/nx-plugin	control	100K-1M
@ns3/nx-core	control	10K-100K
@nuxtjs/eslint-config	control	1M+
@oclif/command	control	1M+
@oclif/parser	control	1M+
@oclif/plugin-plugins	control	1M+
@octokit/auth-oauth-device	control	1M+
@octokit/core	control	1M+
@octokit/openapi-types	control	1M+
@octokit/plugin-rest-endpoint-methods	control	1M+
@omnigraph/json-schema	control	10K-100K
@open-wa/wa-automate	control	10K-100K
@open-wc/building-rollup	control	10K-100K
@opentelemetry/api	control	1M+
@opentelemetry/id-generator-aws-xray	control	100K-1M
@opentelemetry/instrumentation-mysql2	control	100K-1M
@opentelemetry/instrumentation-redis	control	100K-1M
@opentelemetry/instrumentation-winston	control	100K-1M
@opentelemetry/instrumentation-xml-http-request	control	100K-1M
@opentelemetry/propagator-b3	control	1M+
@opentelemetry/sdk-trace-node	control	1M+
@openzeppelin/upgrades-core	control	100K-1M
@operato/scene-chartjs	control	1K-10K
@parcel/config-default	control	100K-1M
@parcel/core	control	1M+
@parcel/css-darwin-arm64	control	100K-1M
@parcel/css-darwin-x64	control	100K-1M
@parcel/fs-search	control	1M+
@parcel/node-libs-browser	control	10K-100K
@parcel/packager-raw	control	1M+
@parcel/transformer-raw	control	100K-1M
@parcel/utils	control	1M+
@parcel/workers	control	1M+
@paybutton/paybutton	control	1K-10K
@pendle/sdk	control	1K-10K
@pepperize/cdk-terraform-state-backend	control	1K-10K
@percy/cli-exec	control	1M+
@perf-profiler/logger	control	1K-10K
@pixi/particle-container	control	100K-1M
@pixi/unsafe-eval	control	100K-1M
@plandek-utils/ts-string-utils	control	1K-10K
@player-tools/xlr	control	1K-10K
@playwright/test	control	1M+
@pmmmwh/react-refresh-webpack-plugin	control	1M+
@pnpm/git-fetcher	control	1K-10K
@pnpm/lockfile-types	control	100K-1M
@pnpm/ramda	control	10K-100K
@pnpm/read-modules-dir	control	100K-1M
@pnpm/resolve-workspace-range	control	10K-100K
@po-ui/ng-schematics	control	10K-100K
@polkadot/networks	control	100K-1M
@popeindustries/lit-html-server	control	1K-10K
@portabletext/to-html	control	10K-100K
@postlight/parser	control	100K-1M
@prefresh/utils	control	100K-1M
@prisma/get-platform	control	1M+
@prisma/internals	control	100K-1M
@prismicio/richtext	control	100K-1M
@probot/adapter-aws-lambda-serverless	control	10K-100K
@progress/kendo-angular-notification	control	10K-100K
@progress/kendo-draggable-common	control	100K-1M
@projectstorm/react-diagrams	control	10K-100K
@putout/plugin-convert-imul-to-multiplication	control	10K-100K
@putout/plugin-declare-before-reference	control	10K-100K
@putout/plugin-gitignore	control	10K-100K
@radix-ui/react-compose-refs	control	1M+
@radix-ui/react-focus-guards	control	1M+
@radix-ui/react-slot	control	1M+
@radix-ui/react-use-controllable-state	control	1M+
@rdfjs/formats-common	control	10K-100K
@reach/portal	control	1M+
@react-aria/utils	control	1M+
@react-native-async-storage/async-storage	control	1M+
@react-native-community/cli-clean	control	1M+
@react-native-community/cli-config	control	1M+
@react-native-community/cli-debugger-ui	control	1M+
@react-native-community/cli-tools	control	1M+
@react-native-community/cli-types	control	1M+
@react-native-firebase/auth	control	100K-1M
@react-native-masked-view/masked-view	control	100K-1M
@react-native-menu/menu	control	10K-100K
@react-native-picker/picker	control	1M+
@react-navigation/core	control	1M+
@react-pdf/yoga	control	100K-1M
@react-stately/data	control	100K-1M
@react-stately/layout	control	100K-1M
@react-stately/slider	control	100K-1M
@react-types/menu	control	100K-1M
@react-types/tooltip	control	100K-1M
@redis/time-series	control	1M+
@relaycorp/object-storage	control	1K-10K
@remax/macro	control	1K-10K
@remirror/extension-positioner	control	10K-100K
@remirror/react-utils	control	10K-100K
@remix-run/cloudflare-workers	control	10K-100K
@replayio/jest	control	1K-10K
@rico-technologies/fp-ts-routing-fork	control	1K-10K
@rimbu/core	control	1K-10K
@rollup/plugin-alias	control	1M+
@rollup/plugin-commonjs	control	1M+
@rollup/plugin-wasm	control	100K-1M
@root/request	control	100K-1M
@roots/bud-react	control	10K-100K
@roots/bud-wordpress-manifests	control	10K-100K
@rushstack/eslint-patch	control	1M+
@rushstack/package-deps-hash	control	1M+
@s-ui/mockmock	control	1K-10K
@salesforce/command	control	1M+
@salesforce/ts-sinon	control	100K-1M
@salto-io/netsuite-adapter	control	10K-100K
@salto-io/zuora-billing-adapter	control	10K-100K
@sanity/export	control	100K-1M
@sap/generator-adaptation-project	control	100K-1M
@sap/sbf	control	10K-100K
@sapphire/snowflake	control	100K-1M
@satorijs/adapter-telegram	control	1K-10K
@semcore/skeleton	control	10K-100K
@semcore/textarea	control	10K-100K
@sendgrid/helpers	control	1M+
@sentry/core	control	1M+
@sentry/integrations	control	1M+
@sentry/tracing	control	1M+
@sentry/types	control	1M+
@serverless-stack/cli	control	100K-1M
@serverless/platform-client	control	1M+
@shopgate/pwa-webcheckout-shopify	control	1K-10K
@shopify/address-consts	control	100K-1M
@shopify/app-bridge-react	control	100K-1M
@shopify/find-duplicate-dependencies-plugin	control	100K-1M
@shopify/jest-dom-mocks	control	100K-1M
@shopify/manifests	control	100K-1M
@shopify/react-async	control	100K-1M
@shopware-ag/meteor-component-library	control	10K-100K
@showtime-xyz/universal.verification-badge	control	1K-10K
@sigmacomputing/plugin	control	10K-100K
@sixa/wp-block-utils	control	1K-10K
@sky-uk/eslint-config-sky-react	control	10K-100K
@skybloxsystems/ticket-bot	control	10K-100K
@skyux/inline-form	control	10K-100K
@slack/types	control	1M+
@slicemachine/core	control	10K-100K
@slickgrid-universal/binding	control	1K-10K
@slonik/migrator	control	10K-100K
@smui/image-list	control	10K-100K
@snyk/graphlib	control	100K-1M
@socket.io/redis-emitter	control	100K-1M
@sogebot/ui-helpers	control	1K-10K
@solana/wallet-adapter-safepal	control	100K-1M
@sourcegraph/eslint-config	control	10K-100K
@spryker/collapsible	control	10K-100K
@spryker/table.filter.select	control	10K-100K
@stdlib/array-uint16	control	100K-1M
@stdlib/assert-has-node-buffer-support	control	100K-1M
@stdlib/assert-is-array	control	100K-1M
@stdlib/assert-is-object	control	100K-1M
@stdlib/blas-ext-base-gapxsumpw	control	1K-10K
@stdlib/constants-float64-max-base2-exponent-subnormal	control	100K-1M
@stdlib/math-base-special-binomcoef	control	10K-100K
@stdlib/types	control	1M+
@stdlib/utils-convert-path	control	100K-1M
@stoplight/ui-kit	control	10K-100K
@storefront-ui/shared	control	10K-100K
@storybook/addon-actions	control	1M+
@storybook/addon-backgrounds	control	1M+
@storybook/addon-essentials	control	1M+
@storybook/addon-ondevice-actions	control	100K-1M
@storybook/addon-storyshots	control	1M+
@storybook/addon-storysource	control	1M+
@storybook/channel-postmessage	control	1M+
@storybook/client-logger	control	1M+
@storybook/components	control	1M+
@storybook/core-server	control	1M+
@storybook/csf-tools	control	1M+
@storybook/instrumenter	control	1M+
@storybook/preview-web	control	1M+
@storybook/theming	control	1M+
@strapi/babel-plugin-switch-ee-ce	control	100K-1M
@strapi/provider-email-sendmail	control	100K-1M
@streamroot/dashjs-dna-wrapper	control	1K-10K
@subql/common-avalanche	control	1K-10K
@superdata/basic-components	control	1K-10K
@sveltestack/svelte-query	control	10K-100K
@svgr/babel-plugin-remove-jsx-empty-expression	control	1M+
@svgr/babel-plugin-svg-dynamic-title	control	1M+
@svgr/babel-plugin-svg-em-dimensions	control	1M+
@svgr/hast-util-to-babel-ast	control	1M+
@swc-node/sourcemap-support	control	1M+
@swc/core	control	1M+
@swc/core-android-arm64	control	1M+
@swc/core-linux-arm-gnueabihf	control	1M+
@swc/core-linux-x64-gnu	control	1M+
@swc/core-win32-ia32-msvc	control	1M+
@swc/jest	control	1M+
@swc/wasm	control	1M+
@sweetalert2/theme-bootstrap-4	control	100K-1M
@syncfusion/ej2-kanban	control	10K-100K
@syncfusion/ej2-maps	control	10K-100K
@tailwindcss/typography	control	1M+
@tanstack/react-table	control	100K-1M
@taroify/core	control	1K-10K
@tds/core-paragraph	control	10K-100K
@teambit/harmony.modules.resolved-component	control	1K-10K
@teambit/react-router	control	10K-100K
@terraformer/wkt	control	10K-100K
@testing-library/jest-dom	control	1M+
@testing-library/react-native	control	1M+
@testing-library/user-event	control	1M+
@theia/console	control	10K-100K
@theia/core	control	10K-100K
@theia/git	control	10K-100K
@theia/search-in-workspace	control	10K-100K
@thi.ng/zipper	control	100K-1M
@tiptap/core	control	1M+
@tiptap/extension-blockquote	control	1M+
@tiptap/extension-bullet-list	control	1M+
@tiptap/extension-code	control	1M+
@tiptap/extension-code-block	control	1M+
@tiptap/extension-mention	control	100K-1M
@tiptap/extension-strike	control	1M+
@tiptap/extension-youtube	control	10K-100K
@tiptap/react	control	100K-1M
@toast-ui/editor	control	100K-1M
@toruslabs/solana-embed	control	100K-1M
@totigm/bot-builder	control	100K-1M
@transmute/json-web-signature	control	1K-10K
@trivago/prettier-plugin-sort-imports	control	1M+
@trivikr-test/is-array-buffer	control	1K-10K
@trpc/next	control	100K-1M
@truedat/dq	control	1K-10K
@truffle/source-map-utils	control	10K-100K
@tryghost/kg-clean-basic-html	control	10K-100K
@ts-morph/bootstrap	control	100K-1M
@tsconfig/react-native	control	100K-1M
@turist/fetch	control	1M+
@twilio-paste/text	control	10K-100K
@type-cacheable/node-cache-adapter	control	10K-100K
@types/ace	control	100K-1M
@types/asn1js	control	100K-1M
@types/big.js	control	1M+
@types/bigi	control	10K-100K
@types/call-bind	control	100K-1M
@types/cheerio	control	1M+
@types/ckeditor__ckeditor5-real-time-collaboration	control	10K-100K
@types/cookie-parser	control	1M+
@types/d3	control	1M+
@types/d3-color	control	1M+
@types/d3-selection	control	1M+
@types/eslint-scope	control	1M+
@types/expect-puppeteer	control	100K-1M
@types/express-session	control	1M+
@types/gapi.client.discovery	control	10K-100K
@types/googlepay	control	1M+
@types/graphql-upload	control	1M+
@types/hapi__hapi	control	100K-1M
@types/html-minifier-terser	control	1M+
@types/http-proxy	control	1M+
@types/intl-tel-input	control	100K-1M
@types/jest-specific-snapshot	control	1M+
@types/json-schema	control	1M+
@types/keyv	control	1M+
@types/libsodium-wrappers	control	100K-1M
@types/lodash.orderby	control	100K-1M
@types/lodash.snakecase	control	100K-1M
@types/lodash.transform	control	10K-100K
@types/lodash.union	control	1M+
@types/lru-cache	control	1M+
@types/mithril	control	100K-1M
@types/mustache	control	1M+
@types/node-sass	control	1M+
@types/nodemailer	control	1M+
@types/offscreencanvas	control	1M+
@types/opentype.js	control	100K-1M
@types/passport-naver	control	1K-10K
@types/prompts	control	100K-1M
@types/puppeteer	control	1M+
@types/react-reconciler	control	1M+
@types/react-refresh	control	100K-1M
@types/react-router	control	1M+
@types/react-textarea-autosize	control	1M+
@types/resize-observer-browser	control	1M+
@types/retry	control	1M+
@types/sharp	control	1M+
@types/shippo	control	10K-100K
@types/showdown	control	100K-1M
@types/signale	control	100K-1M
@types/sinonjs__fake-timers	control	1M+
@types/styled-components	control	1M+
@types/styled-system	control	1M+
@types/testing-library__jest-dom	control	1M+
@types/tr46	control	100K-1M
@types/webidl-conversions	control	1M+
@types/webpack-dev-server	control	1M+
@types/write-file-atomic	control	100K-1M
@types/yargs	control	1M+
@types/yauzl	control	1M+
@typescript/vfs	control	100K-1M
@udecode/plate-find-replace	control	100K-1M
@ui5/cli	control	100K-1M
@ui5/webcomponents-fiori	control	100K-1M
@uiw/react-color-editable-input	control	10K-100K
@umijs/route-utils	control	100K-1M
@un./dulcis-react	control	1K-10K
@uniswap/router-sdk	control	10K-100K
@uniswap/swap-router-contracts	control	100K-1M
@uppy/aws-s3	control	100K-1M
@uppy/informer	control	100K-1M
@uppy/locales	control	10K-100K
@uppy/progress-bar	control	100K-1M
@uppy/store-redux	control	10K-100K
@uppy/url	control	100K-1M
@vaadin/vaadin-context-menu	control	100K-1M
@vaadin/vaadin-development-mode-detector	control	100K-1M
@vaadin/vaadin-ordered-layout	control	100K-1M
@vaadin/vaadin-radio-button	control	100K-1M
@vanilla-extract/sprinkles	control	100K-1M
@vendure/create	control	1K-10K
@vercel/ncc	control	1M+
@vitejs/plugin-vue	control	1M+
@vkontakte/vk-miniapps-deploy	control	1K-10K
@volar/vue-typescript	control	100K-1M
@vrbo/pino-rotating-file	control	1K-10K
@vscode/js-debug-browsers	control	1K-10K
@vtmn/css-badge	control	10K-100K
@vue/babel-preset-app	control	1M+
@vue/cli-service	control	1M+
@vue/compiler-dom	control	1M+
@vue/compiler-ssr	control	1M+
@vuepress-reco/vuepress-plugin-back-to-top	control	1K-10K
@vuepress/plugin-back-to-top	control	100K-1M
@vueuse/core	control	1M+
@walletconnect/browser-utils	control	1M+
@walletconnect/jsonrpc-utils	control	100K-1M
@walletconnect/socket-transport	control	1M+
@wdio/cucumber-framework	control	100K-1M
@wdio/jasmine-framework	control	100K-1M
@wdio/selenium-standalone-service	control	100K-1M
@wdio/spec-reporter	control	1M+
@web3-wallet/react	control	1K-10K
@webassemblyjs/floating-point-hex-parser	control	1M+
@webassemblyjs/helper-wasm-section	control	1M+
@webassemblyjs/validation	control	100K-1M
@webcomponents/scoped-custom-element-registry	control	10K-100K
@webex/internal-plugin-wdm	control	10K-100K
@webex/plugin-teams	control	10K-100K
@webgpu/types	control	100K-1M
@webiny/handler-args	control	1K-10K
@webpack-cli/info	control	1M+
@wesselkuipers/leaflet.markercluster	control	1K-10K
@windicss/plugin-utils	control	100K-1M
@wixc3/resolve-directory-context	control	10K-100K
@wojtekmaj/enzyme-adapter-react-17	control	1M+
@wojtekmaj/enzyme-adapter-utils	control	1M+
@wordpress/components	control	100K-1M
@wordpress/create-block	control	1K-10K
@wordpress/date	control	100K-1M
@wordpress/e2e-test-utils	control	10K-100K
@wordpress/icons	control	100K-1M
@wordpress/npm-package-json-lint-config	control	100K-1M
@wry/trie	control	1M+
@wundergraph/wunderctl	control	1K-10K
@xmpp/websocket	control	10K-100K
@xo-union/util-webpack	control	1K-10K
@xstate/inspect	control	100K-1M
@xyo-network/cryptomarket-witness	control	1K-10K
@zhuweiyou/prettier-config	control	1K-10K
abortable-iterator	control	10K-100K
accordion-collapse-react-native	control	10K-100K
acorn-hammerhead	control	1M+
aemsync	control	10K-100K
aes-decrypter	control	1M+
aftership	control	10K-100K
ag-grid-react	control	1M+
aggregate-error	control	1M+
allure-commandline	control	1M+
amazon-cognito-identity-js	control	1M+
amplify-category-xr	control	100K-1M
amplify-dynamodb-simulator	control	100K-1M
amplitude-js	control	1M+
anchor-markdown-header	control	100K-1M
angular-animate	control	1M+
angular-cc-library	control	10K-100K
angular-gridster2	control	100K-1M
angular-html-parser	control	100K-1M
angularx-flatpickr	control	100K-1M
anser	control	1M+
apache-crypt	control	1M+
apache-md5	control	1M+
apollo-language-server	control	1M+
apollo-server-express	control	1M+
apollo-server-fastify	control	100K-1M
appium-idb	control	100K-1M
appium-ios-device	control	1M+
applicationinsights	control	1M+
argon2	control	100K-1M
array-back	control	1M+
array.prototype.find	control	1M+
artillery-plugin-ensure	control	10K-100K
as-bigint	control	10K-100K
astring	control	1M+
async-await-retry	control	10K-100K
async-mutex	control	1M+
aws-amplify	control	1M+
aws-appsync	control	100K-1M
aws-sdk-mock	control	1M+
ax-app-common-lib	control	10K-100K
axe-playwright	control	100K-1M
babel-plugin-inline-dotenv	control	100K-1M
babel-plugin-superjson-next	control	100K-1M
babel-plugin-transform-import-meta	control	100K-1M
babel-preset-expo	control	1M+
babel-preset-gatsby	control	1M+
belter	control	100K-1M
better-opn	control	1M+
better-vsts-npm-auth	control	1K-10K
big.js	control	1M+
bls-signatures	control	1K-10K
bnc-notify	control	10K-100K
bootstrap-table	control	100K-1M
bootstrap.native	control	10K-100K
bplist-parser	control	1M+
braintree	control	100K-1M
braintree-web	control	100K-1M
breakpoint-sass	control	100K-1M
broccoli-persistent-filter	control	1M+
browser-lang	control	100K-1M
browserslist	control	1M+
bson-objectid	control	100K-1M
builder-pattern	control	10K-100K
builder-util	control	1M+
bulma-calendar	control	10K-100K
bytes	control	1M+
cache-manager	control	1M+
cache-manager-redis-store	control	100K-1M
cached-path-relative	control	1M+
camelize	control	1M+
catering	control	100K-1M
chai	control	1M+
chance	control	1M+
chardet	control	1M+
chartjs-plugin-zoom	control	100K-1M
check-dependency-version-consistency	control	10K-100K
chevrotain	control	1M+
chronoshift	control	1K-10K
ci-info	control	1M+
cidr-regex	control	1M+
clap	control	1M+
classcard-ui	control	1K-10K
classnames	control	1M+
clean-stack	control	1M+
cls-proxify	control	10K-100K
coc-pairs	control	1K-10K
coc-snippets	control	1K-10K
codemirror	control	1M+
codemirror-graphql	control	1M+
color-name	case	1M+
color-string	case	1M+
colorette	control	1M+
command-line-usage	control	1M+
commander	control	1M+
commitlint	control	100K-1M
commitlint-plugin-jira-rules	control	100K-1M
compare-versions	control	1M+
compress-brotli	control	1M+
compressing	case	10K-100K
connect-history-api-fallback	control	1M+
consul	control	100K-1M
content-security-policy-parser	case	10K-100K
convert-source-map	control	1M+
convict	case	1M+
cookie	case	1M+
cosmiconfig-typescript-loader	control	1M+
cp-file	control	1M+
craco-plugin-single-spa-application	control	10K-100K
crc-32	control	1M+
create-nx-workspace	control	10K-100K
critters	case	1M+
cron-validator	control	100K-1M
cronofy-elements	control	10K-100K
crypto-random-string	control	1M+
cspell-glob	control	100K-1M
css-selector-generator	control	10K-100K
css-tree	control	1M+
cyberchef	case	1K-10K
cypress-localstorage-commands	control	1M+
cypress-wait-for-stable-dom	control	10K-100K
d3-contour	control	1M+
danger	case	1M+
danger-plugin-code-coverage	control	10K-100K
darkreader	case	10K-100K
dash-core-components	case	100K-1M
dash-html-components	case	10K-100K
datalist-polyfill	control	10K-100K
datatables.net-autofill	control	100K-1M
datatables.net-fixedcolumns-bs4	control	100K-1M
datatables.net-keytable-bs4	control	100K-1M
dcmjs	control	10K-100K
dd-trace	case	1M+
deasync	control	1M+
debug	case	1M+
decimal.js	control	1M+
decode-uri-component	case	1M+
deep-eql	control	1M+
deep-object-diff	control	1M+
deepmerge-ts	case	100K-1M
define-properties	control	1M+
defu	case	1M+
degenerator	control	1M+
deobfuscator	case	10K-100K
dependency-cruiser	control	1M+
destroy	control	1M+
detect-file-encoding-and-language	control	10K-100K
detect-indent	control	1M+
detective-postcss	control	1M+
detective-sass	control	1M+
detective-typescript	control	1M+
deterministic-versions	control	1K-10K
devalue	case	1M+
devicon	control	10K-100K
devtools-protocol	control	1M+
diff	case	1M+
directus	case	10K-100K
discord-giveaways	control	10K-100K
discord-together	control	10K-100K
disqus-react	control	10K-100K
dmg-license	control	100K-1M
dns-query	control	1K-10K
docker-modem	control	1M+
docsify	control	100K-1M
dom-expressions	case	1K-10K
domhandler	control	1M+
dommatrix	control	1M+
dompurify	case	1M+
domwaiter	control	100K-1M
dotenv-webpack	control	1M+
draftjs-filters	control	10K-100K
drizzle-orm	case	1K-10K
dset	case	1M+
duckdb	case	10K-100K
dugite	control	10K-100K
duplexer3	control	1M+
eas-cli	control	100K-1M
ecdh	case	1K-10K
echarts	case	1M+
ejs	case	1M+
electron	case	1M+
electron-pdf	case	1K-10K
electron-updater	case	1M+
element-plus	case	100K-1M
elysia	case	1K-10K
ember-classic-decorator	control	100K-1M
ember-compatibility-helpers	control	100K-1M
ember-ref-bucket	control	10K-100K
ember-truth-helpers	control	100K-1M
eme-encryption-scheme-polyfill	control	100K-1M
emoji-mart	control	1M+
engine.io	case	1M+
engine.io-client	control	1M+
entities	control	1M+
env-editor	control	1M+
erxes	case	1K-10K
es-abstract	control	1M+
es-aggregate-error	control	1M+
es5-ext	case	1M+
es6-set	control	1M+
esbuild	case	1M+
esbuild-linux-64	control	1M+
esbuild-linux-arm	control	1M+
esbuild-windows-64	control	1M+
eslint	case	1M+
eslint-config-airbnb-typescript	control	1M+
eslint-config-pipedrive	control	10K-100K
eslint-config-prettier	case	1M+
eslint-config-skuba	control	10K-100K
eslint-config-torchbox	control	1K-10K
eslint-config-turbo	control	100K-1M
eslint-config-universe	control	100K-1M
eslint-detailed-reporter	case	10K-100K
eslint-import-resolver-typescript	control	1M+
eslint-plugin-destructuring-newline	control	10K-100K
eslint-plugin-html	control	1M+
eslint-plugin-jest-dom	control	1M+
eslint-plugin-local-rules	control	100K-1M
eslint-plugin-n	control	1M+
eslint-plugin-prettier	case	1M+
eslint-plugin-prettier-vue	control	100K-1M
eslint-plugin-simple-import-sort	control	1M+
eslint-plugin-sonarjs	control	1M+
eslint-plugin-strict-dependencies	control	10K-100K
eslint-plugin-unicorn	control	1M+
eslint-webpack-plugin	control	1M+
espree	control	1M+
estree-util-value-to-estree	case	100K-1M
eth-block-tracker	control	1M+
eventemitter2	control	1M+
everscale-inpage-provider	control	1K-10K
exifreader	case	10K-100K
exiftool-vendored	case	10K-100K
expect	control	1M+
expirable-storage	control	100K-1M
expo	case	1M+
expo-document-picker	control	100K-1M
expo-file-system	control	1M+
expo-firebase-analytics	control	10K-100K
expo-mail-composer	control	10K-100K
expo-pwa	control	100K-1M
expo-updates-interface	control	100K-1M
expose-loader	control	1M+
express	case	1M+
express-fileupload	control	1M+
express-rate-limit	case	1M+
express-xss-sanitizer	case	10K-100K
express-zod-api	case	1K-10K
external-svg-loader	case	10K-100K
extra-fetch	control	1K-10K
extract-files	control	1M+
fabric	case	100K-1M
fast-average-color	control	100K-1M
fast-glob	control	1M+
fast-json-stringify	control	1M+
fast-jwt	case	100K-1M
fast-redact	case	1M+
fast-uri	case	1M+
fast-xml-parser	case	1M+
fastify	case	1M+
faucet	control	100K-1M
fb-watchman	control	1M+
feather-icons	control	100K-1M
fela-bindings	control	100K-1M
fetch-blob	control	1M+
fflate	case	1M+
fhir-kit-client	control	10K-100K
fibers	control	1M+
fido2-lib	case	1K-10K
figures	control	1M+
file-type	case	1M+
filesize	control	1M+
final-form	control	1M+
find-exec	case	10K-100K
find-my-way	case	1M+
find-test-names	control	1M+
firebase	case	1M+
firebase-tools	case	1M+
fixed-data-table-2	control	100K-1M
fixparser	control	1K-10K
flatpickr	control	1M+
flatted	case	1M+
flickity	control	100K-1M
flowgen	control	100K-1M
follow-redirects	case	1M+
fontfaceobserver	control	1M+
foo-foo-mq	control	10K-100K
format-message-formats	control	100K-1M
formidable	case	1M+
formio	case	1K-10K
found	control	10K-100K
foundation-sites	case	100K-1M
frappe-ui	control	1K-10K
froala-editor	case	100K-1M
fs-capacitor	control	1M+
full-icu	control	1M+
fuzzysort	control	100K-1M
gatsby	case	1M+
gatsby-legacy-polyfills	control	1M+
gatsby-plugin-force-file-loader	control	10K-100K
gatsby-plugin-sharp	case	1M+
gatsby-plugin-typescript	control	1M+
gatsby-plugin-utils	control	1M+
gatsby-sharp	control	1M+
gatsby-source-ghost	control	1K-10K
gatsby-transformer-remark	case	100K-1M
gaxios	control	1M+
gcs-resumable-upload	control	1M+
generator-jhipster	case	100K-1M
generic-pool	control	1M+
genieacs	case	1K-10K
get-jwks	case	10K-100K
gettext-converter	case	100K-1M
gettext.js	case	1K-10K
gherkin-io	control	10K-100K
ghost	case	10K-100K
git-commit-info	case	10K-100K
git-cz	control	100K-1M
git-url-parse	control	1M+
glize	control	100K-1M
glob	case	1M+
globals	control	1M+
globby	control	1M+
gm	control	1M+
google-auth-library	control	1M+
google-translate-api-browser	case	1K-10K
got-fetch	case	10K-100K
graphology-shortest-path	control	10K-100K
graphql	case	1M+
graphql-compose	control	1M+
graphql-config	control	1M+
graphql-executor	control	1M+
graphql-extensions	control	1M+
graphql-mapping-template	control	100K-1M
graphql-modules	case	10K-100K
graphql-scalars	control	1M+
graphql-schema-linter	control	100K-1M
graphql-tool-utilities	control	100K-1M
graphql-transformer-common	control	100K-1M
grunt-contrib-clean	control	1M+
grunt-stylelint	control	100K-1M
h3	case	100K-1M
happy-dom	case	100K-1M
haredo	control	1K-10K
hashi-vault-js	case	10K-100K
hast-util-to-mdast	control	100K-1M
helmet	control	1M+
hexo	case	10K-100K
hexo-util	control	100K-1M
highlight.js	control	1M+
highlight.run	case	10K-100K
history	control	1M+
hls.js	control	1M+
hono	case	10K-100K
hops-config	control	1K-10K
html-entities	control	1M+
html-to-react	control	1M+
html-to-text	control	1M+
http-auth-connect	control	1M+
http-link-header	control	1M+
http-proxy-middleware	case	1M+
hull.js	case	10K-100K
hydrooj	case	1K-10K
i18n	control	1M+
i18next	control	1M+
i18next-fs-backend	case	1M+
i18next-http-backend	case	1M+
i18next-http-middleware	case	100K-1M
i18next-locize-backend	case	100K-1M
i18next-parser	control	100K-1M
ibp-cdn	control	1K-10K
icon-gen	control	100K-1M
image-size	case	1M+
images	case	10K-100K
immutable	case	1M+
import-in-the-middle	case	1M+
imports-loader	control	1M+
inferno-clone-vnode	control	100K-1M
inngest	case	1K-10K
input-format	control	1M+
insomnia-plugin-documents-br	control	1K-10K
install-artifact-from-github	control	1M+
intercom-client	case	100K-1M
invert-kv	control	1M+
ip	case	1M+
ip-cidr	control	100K-1M
ipfs-unixfs-exporter	control	100K-1M
ipx	case	100K-1M
is-async-function	control	100K-1M
is-core-module	control	1M+
is-localhost-ip	control	100K-1M
is-observable	control	1M+
is-reachable	control	100K-1M
is-relative-url	control	1M+
iso8601-duration	control	1M+
isolate-hooks	control	1K-10K
issue-regex	control	100K-1M
it-concat	control	100K-1M
izimodal	case	1K-10K
jake	control	1M+
jazelle	control	1M+
jest-jquery-matchers	control	100K-1M
jest-leak-detector	control	1M+
jest-preset-angular	control	1M+
jest-util	control	1M+
jest-worker	control	1M+
jira.js	control	10K-100K
jodit	case	100K-1M
joi	case	1M+
joist-utils	control	10K-100K
jose	case	1M+
jose-node-cjs-runtime	case	1K-10K
jquery	case	1M+
jquery-validation	case	100K-1M
js-object-utilities	case	100K-1M
jscodeshift	control	1M+
jsdoc	control	1M+
jsep	control	1M+
jsii	case	100K-1M
jsii-diff	case	100K-1M
json-2-csv	case	100K-1M
json-logic-js	case	100K-1M
json-pointer	control	1M+
json-stringify-pretty-compact	control	1M+
json2csv	control	1M+
json2typescript	control	10K-100K
jsonata	case	100K-1M
jsonc-eslint-parser	control	1M+
jsonpatch	control	10K-100K
jsonpath-plus	case	1M+
jsonpointer	control	1M+
jsonschema	control	1M+
jspdf	case	1M+
jspreadsheet-ce	case	10K-100K
jsreport	case	1K-10K
jsrsasign	case	100K-1M
jss-plugin-vendor-prefixer	control	1M+
jsuites	case	10K-100K
jszip	case	1M+
juice	control	1M+
karma-coverage	control	1M+
karma-electron	control	10K-100K
katex	case	1M+
keycloak-connect	case	100K-1M
keyv	control	1M+
klikni-jadi-shared-stuff	control	1K-10K
koa	case	1M+
kuuid	control	1K-10K
kysely	case	100K-1M
lambda-local	control	100K-1M
language-subtag-registry	control	1M+
launch-editor	case	1M+
launchdarkly-js-sdk-common	control	1M+
layui	case	10K-100K
lcov-result-merger	control	100K-1M
leaflet-arrowheads	control	10K-100K
lemon_form_design	control	1K-10K
less	control	1M+
less-loader	control	1M+
libreoffice-convert	case	10K-100K
libxmljs	case	100K-1M
libxmljs2	case	100K-1M
lightningcss-linux-x64-gnu	control	100K-1M
lightship	control	100K-1M
lilconfig	case	1M+
link-preview-js	case	10K-100K
linkedom	control	100K-1M
linkify-it	case	1M+
linkifyjs	case	1M+
liquidjs	case	100K-1M
livereload-js	control	1M+
locize	case	10K-100K
lockfile-lint-api	case	100K-1M
locutus	case	100K-1M
log-update	control	1M+
lorem-ipsum	control	100K-1M
luxon	case	1M+
lxgw-wenkai-webfont	control	10K-100K
macos-release	control	1M+
maildev	case	10K-100K
mailgen	case	10K-100K
mailparser	case	1M+
makerjs	case	1K-10K
mammoth	case	100K-1M
mapshaper	case	10K-100K
mariadb	case	100K-1M
markdown-it	case	1M+
markdown-pdf	case	10K-100K
markdown-to-jsx	case	1M+
marked	case	1M+
marko	case	10K-100K
markuplint-angular-parser	control	1K-10K
marv	control	10K-100K
match-json	control	10K-100K
math-codegen	case	1K-10K
math.gl	control	100K-1M
mathjax	case	100K-1M
mathjs	case	1M+
mathlive	case	100K-1M
matrix-appservice-bridge	case	1K-10K
matrix-js-sdk	case	10K-100K
matrix-react-sdk	case	1K-10K
mbt	control	10K-100K
md-to-pdf	case	10K-100K
mdast-util-gfm-footnote	control	1M+
mdast-util-gfm-table	control	1M+
mdast-util-to-hast	case	1M+
mediasoup	case	10K-100K
mercurius	case	100K-1M
merge-anything	control	1M+
mermaid	case	1M+
meshcentral	case	10K-100K
messageformat	case	1M+
metascraper-clearbit	control	10K-100K
meteor	case	1K-10K
metro-source-map	control	1M+
metro-symbolicate	control	1M+
micromark-extension-mdx-jsx	control	1M+
micromatch	case	1M+
migrate-mongo	control	100K-1M
mikro-orm	control	100K-1M
minecraft-data	control	100K-1M
miniflare	case	100K-1M
minimatch	case	1M+
minimist-lite	control	10K-100K
misskey-js	case	1K-10K
mjml	case	1M+
mjml-body	control	1M+
mjml-core	control	1M+
mjml-group	control	1M+
mjml-head-font	control	1M+
mjml-head-title	control	1M+
mjml-image	control	1M+
mjml-raw	control	1M+
mkcert	control	10K-100K
mnemonist	control	1M+
mobx-persist-store	control	10K-100K
mobx-react-lite	control	1M+
mock-socket	control	1M+
module-definition	control	1M+
module-from-string	case	10K-100K
mol_db	control	1K-10K
moleculer-elasticsearch	control	1K-10K
moment	control	1M+
mongo-express	case	1K-10K
mongodb	case	1M+
mongodb-client-encryption	control	100K-1M
mongoose	case	1M+
mongosh	case	1K-10K
monocle-ts	control	1M+
mos-connection	control	1K-10K
mrzefr-owo	control	1K-10K
msgpackr	case	1M+
msgpackr-extract	control	1M+
msportalfx-mock	control	10K-100K
msw-storybook-addon	control	1M+
muhammara	case	10K-100K
multer	case	1M+
multiformats	control	100K-1M
multiparty	case	1M+
music-metadata	case	100K-1M
mylas	control	100K-1M
mysql2	case	1M+
n8n	case	1K-10K
n8n-nodes-base	case	1K-10K
nanoid	case	1M+
negotiator	control	1M+
nestjs-minio-client	control	10K-100K
network	case	10K-100K
new-find-package-json	control	1M+
newman	control	1M+
newtype-ts	control	1M+
next	case	1M+
next-auth	case	1M+
next-intl	case	100K-1M
next-mdx-remote	case	100K-1M
next-plugin-bundle-stats	control	1K-10K
next-redux-wrapper	control	1M+
next-tinacms-cloudinary	case	10K-100K
next-with-less	control	10K-100K
ng-let	control	10K-100K
ngforage	control	10K-100K
ngraph.forcelayout	control	10K-100K
ngrok	case	100K-1M
ngx-bootstrap-icons	control	1K-10K
ngx-bs-modal	control	10K-100K
ngx-cookie-service	control	1M+
ngx-extended-pdf-viewer	case	100K-1M
ngx-permissions	control	100K-1M
ngx-toastr	control	1M+
nitropack	case	100K-1M
nocodb	case	1K-10K
node-forge	case	1M+
node-html-to-image	control	10K-100K
node-jose	case	1M+
node-opcua	case	10K-100K
node-opcua-certificate-manager	control	10K-100K
node-pg-migrate	control	100K-1M
node-saml	case	10K-100K
node-sass-chokidar	control	100K-1M
nodemailer	case	1M+
nodemailer-express-handlebars	control	100K-1M
nope-validator	case	10K-100K
normalize-text	control	10K-100K
notepack.io	control	1M+
npm	case	1M+
npm-license-corrections	control	100K-1M
npm-run-path	control	1M+
nswag	control	100K-1M
nuxt	case	1M+
nuxt-api-party	case	1K-10K
nuxt-og-image	case	1K-10K
nuxt-purgecss	control	10K-100K
nv-data-tree-calc	control	1K-10K
nvjson	control	1K-10K
nwsapi	control	1M+
nx	case	1M+
nylas	control	100K-1M
object.assign	control	1M+
object.hasown	control	1M+
oceanic.js	case	1K-10K
oci-loganalytics	control	1K-10K
octokit	case	100K-1M
office-addin-cli	control	100K-1M
ol-mapbox-style	control	100K-1M
only-allow	control	100K-1M
openapi-client-axios-typegen	control	10K-100K
openapi-diff	control	10K-100K
openid-client	control	1M+
openpgp	case	100K-1M
orejime	case	10K-100K
outvariant	control	1M+
p-cancelable	control	1M+
p-map	control	1M+
pacote	case	1M+
pagefind	case	1K-10K
papaparse	case	1M+
parchment	control	1M+
parse	case	100K-1M
parse-dashboard	case	10K-100K
parse-server	case	10K-100K
parse-uri	case	100K-1M
passport	control	1M+
passport-saml	case	100K-1M
patch-package	control	1M+
path-is-network-drive	control	1M+
path-loader	control	1M+
path-to-regexp	case	1M+
payload	case	10K-100K
pdf	control	1K-10K
pdfjs-dist	case	1M+
pdfkit-table	control	10K-100K
pdfmake	case	1M+
peek-readable	control	1M+
performant-array-to-tree	control	10K-100K
petite-vue-i18n	case	1K-10K
pg	control	1M+
pg-promise	case	1M+
phin	case	1M+
phoenix_html	case	10K-100K
phosphor-react	control	100K-1M
picomatch	case	1M+
pino-http	control	1M+
pixelmatch	control	1M+
pixels-catcher	control	10K-100K
pkg	case	100K-1M
pkg-dir	control	1M+
playwright	case	1M+
playwright-webkit	control	100K-1M
plotly.js	case	100K-1M
pm2	case	1M+
pnpm	case	1M+
polotno-node	control	1K-10K
postcss	case	1M+
postcss-color-functional-notation	control	1M+
postcss-colormin	control	1M+
postcss-discard-duplicates	control	1M+
postcss-html	control	1M+
postcss-lab-function	control	1M+
postcss-load-config	control	1M+
postcss-minify-gradients	control	1M+
postcss-minify-params	control	1M+
postcss-modules	control	1M+
postcss-ordered-values	control	1M+
postcss-prefix-selector	control	1M+
postcss-preset-env	control	1M+
postcss-rtlcss	control	100K-1M
postcss-selector-parser	case	1M+
postcss-unique-selectors	control	1M+
postcss-values-parser	control	1M+
posthog-js	case	100K-1M
posthtml	control	1M+
postman-runtime	control	1M+
preact	case	1M+
preact-render-to-string	control	1M+
prebid-universal-creative	case	1K-10K
prebid.js	case	10K-100K
prettier-config-vuepress	control	10K-100K
pretty-ms	control	1M+
primeicons	control	1M+
printj	control	1M+
prismjs	case	1M+
private-ip	case	100K-1M
probot	case	100K-1M
prom-client	control	1M+
promise-breaker	control	1M+
prop-types	control	1M+
prosemirror-dropcursor	control	1M+
protobufjs	case	1M+
protobufjs-cli	case	1M+
pubnub	case	100K-1M
pui9-server-utils	control	10K-100K
pure-rand	control	100K-1M
qs	case	1M+
quasar	case	100K-1M
quicktype	control	100K-1M
ra-language-czech	control	1K-10K
ra-ui-materialui	case	100K-1M
ramda-adjunct	control	100K-1M
ranges-merge	control	100K-1M
rangy	case	100K-1M
raygun4js	control	100K-1M
razzle-plugin-scss	control	10K-100K
rc-cascader	control	1M+
rc-input	control	1M+
rc-mentions	control	1M+
rdndmb-html5-to-touch	control	10K-100K
re2	case	1M+
react-a11y-disclosure	control	1K-10K
react-ace	control	1M+
react-admin	case	100K-1M
react-animate-height	control	1M+
react-apexcharts	control	1M+
react-app-rewired	control	1M+
react-art	control	100K-1M
react-bootstrap-typeahead	control	1M+
react-calendar	control	1M+
react-clock	control	100K-1M
react-colorful	control	1M+
react-device-detect	control	1M+
react-devtools-core	case	1M+
react-dnd-test-backend	control	100K-1M
react-draft-wysiwyg	case	100K-1M
react-drag-sizing	control	10K-100K
react-easy-emoji	control	10K-100K
react-feather	control	100K-1M
react-fela	control	100K-1M
react-flag-kit	control	100K-1M
react-freeze	control	1M+
react-ga	control	1M+
react-hotkeys-hook	control	1M+
react-hydration-on-demand	control	10K-100K
react-json-tree	control	100K-1M
react-linkify-it	control	10K-100K
react-modal	control	1M+
react-native-agora	control	10K-100K
react-native-animated-numbers	control	10K-100K
react-native-appboy-sdk	control	100K-1M
react-native-background-fetch	control	100K-1M
react-native-collapsible-tab-view	control	10K-100K
react-native-compass-heading	control	10K-100K
react-native-document-picker	case	100K-1M
react-native-gradle-plugin	control	1M+
react-native-image-slider-box	control	10K-100K
react-native-ios-context-menu	control	10K-100K
react-native-mmkv	case	100K-1M
react-native-phone-call	control	10K-100K
react-native-reanimated	control	1M+
react-native-star-rating-widget	control	10K-100K
react-native-swipeable-list	control	10K-100K
react-native-system-setting	control	10K-100K
react-native-video	control	100K-1M
react-native-web	control	1M+
react-native-webview	control	1M+
react-navigation-header-buttons	control	10K-100K
react-pdf	case	1M+
react-photoswipe-gallery	control	10K-100K
react-player	control	1M+
react-popper	control	1M+
react-portal	control	1M+
react-query	control	1M+
react-quill	control	1M+
react-remove-scroll	control	1M+
react-router	case	1M+
react-router-dom	case	1M+
react-scroll-to-top	control	10K-100K
react-select-event	control	1M+
react-selecto	control	10K-100K
react-server-dom-webpack	case	100K-1M
react-simple-code-editor	control	1M+
react-simple-maps	control	100K-1M
react-sticky-box	control	100K-1M
react-style-singleton	control	1M+
react-tab-set	control	1K-10K
react-text-mask	control	1M+
react-timezone-select	control	10K-100K
react-transition-state	control	100K-1M
react-twitter-widgets	control	100K-1M
react-wavify	control	10K-100K
read-chunk	control	1M+
read-config-file	control	1M+
read-package-json	control	1M+
recharts	control	1M+
recoil-persist	control	10K-100K
redoc	case	100K-1M
redux-promise-middleware	control	100K-1M
refractor	control	1M+
regenerate-unicode-properties	control	1M+
regjsgen	control	1M+
remotion	case	10K-100K
removeNPMAbsolutePaths	control	10K-100K
renovate	case	100K-1M
request-filtering-agent	case	10K-100K
resolve-url-loader	control	1M+
restify	control	1M+
rollbar	case	1M+
rollup	case	1M+
rollup-plugin-license	control	100K-1M
roosterjs-editor-types-compatible	control	10K-100K
rpc-websockets	control	1M+
rsocket-websocket-client	control	10K-100K
rsshub	case	1K-10K
safe-regex2	control	1M+
sails	case	100K-1M
sails-mysql	control	10K-100K
salto-vscode	control	10K-100K
samlify	case	100K-1M
sanitize-html	case	1M+
sanity-plugin-media	control	100K-1M
sanity-secrets	control	10K-100K
sass-loader	control	1M+
scandit-sdk	control	100K-1M
scim-patch	case	10K-100K
scule	control	1M+
secp256k1	case	1M+
selderee	control	1M+
selenium-standalone	control	1M+
semantic-ui-search	control	1K-10K
semver	case	1M+
semver-greatest-satisfied-range	control	1M+
semver-try-require	control	1M+
send	case	1M+
sendwithus	control	10K-100K
sequelize	case	1M+
sequelize-typescript	case	100K-1M
serialize-error	control	1M+
serialize-to-js	control	100K-1M
serve-handler	control	1M+
serve-placeholder	control	1M+
serve-static	case	1M+
serverless	case	1M+
serverless-lift	control	10K-100K
serverless-offline-http-mock	control	1K-10K
serverless-plugin-epsagon	control	10K-100K
serverless-vpc-plugin	control	10K-100K
ses	case	10K-100K
shades	control	10K-100K
shakapacker	case	100K-1M
sharp	case	1M+
shell-quote	case	1M+
shellwords	control	1M+
shescape	case	10K-100K
showdown	case	1M+
signalk-server	case	1K-10K
sigstore	case	1K-10K
sill-api	control	1K-10K
simple-git	case	1M+
sirv	control	1M+
slim-select	case	10K-100K
sm-crypto	case	10K-100K
smtp-server	case	100K-1M
snappy	control	1M+
snarkjs	case	10K-100K
snowflake-sdk	case	100K-1M
snyk	case	1M+
snyk-gradle-plugin	case	100K-1M
snyk-php-plugin	case	100K-1M
snyk-python-plugin	control	100K-1M
snyk-sbt-plugin	control	100K-1M
soap	control	1M+
socket.io	case	1M+
socket.io-parser	case	1M+
solid-js	case	100K-1M
solid-styled	control	1K-10K
speaker	case	10K-100K
splaytree	control	1M+
splicon	control	1K-10K
sql-formatter	control	100K-1M
sqlite3	case	1M+
ssh2	control	1M+
stack-generator	control	1M+
standard	control	1M+
stimulsoft-dashboards-js	case	1K-10K
stimulus_reflex	case	10K-100K
store2	case	1M+
storybook	case	100K-1M
storybook-addon-markdown-docs	control	10K-100K
strapi-plugin-rest-cache	control	1K-10K
strapi-utils	control	100K-1M
string-kit	case	100K-1M
string.prototype.trimend	control	1M+
stubsy	control	1K-10K
style-dictionary	case	100K-1M
styled-jsx	control	1M+
stylelint	case	1M+
stylelint-config-recommended	control	1M+
stylelint-config-recommended-less	control	10K-100K
stylelint-less	control	10K-100K
stylelint-scss	control	1M+
stylis	control	1M+
sucrase	control	1M+
suneditor	case	10K-100K
superagent	control	1M+
superplate-cli	control	1K-10K
superstatic	control	1M+
supports-hyperlinks	control	1M+
survey-creator	case	10K-100K
survey-pdf	case	10K-100K
svelecte	case	10K-100K
svelte	case	1M+
svelte-navigator	control	10K-100K
svgo	case	1M+
swagger-typescript-api	case	100K-1M
sweetalert2	case	1M+
swiper	case	1M+
synckit	case	1M+
systeminformation	case	1M+
tabris	control	10K-100K
tailwind-config-viewer	control	100K-1M
tailwindcss-box-shadow	control	10K-100K
tap-parser	control	1M+
tar	case	1M+
taro-css-to-react-native	case	10K-100K
tarteaucitronjs	case	10K-100K
taskkill	control	1M+
telejson	case	1M+
terminal-kit	case	100K-1M
terser-webpack-plugin	control	1M+
three-stdlib	control	100K-1M
thrift	case	100K-1M
timed-cache	control	10K-100K
tinacms	case	10K-100K
tiny-secp256k1	case	100K-1M
tinymce	case	1M+
to-vfile	control	1M+
total4	case	1K-10K
tough-cookie	case	1M+
treport	control	100K-1M
trix	case	100K-1M
ts-deepmerge	case	100K-1M
ts-morph	control	1M+
ts-node-dev	control	1M+
tsconfck	control	10K-100K
tsconfig-vuepress	control	10K-100K
tsup	case	100K-1M
tty-table	control	100K-1M
turbo	case	1M+
turbo-linux-64	control	1M+
turbo-linux-mips64le	control	100K-1M
typanion	control	1M+
typed-rest-client	case	1M+
typed-scss-modules	control	100K-1M
typeorm	case	1M+
typescript-json-serializer	control	10K-100K
typescript-paths	control	1K-10K
ua-parser-js	case	1M+
uid	control	100K-1M
ultra_cart_rest_api_v2	control	1K-10K
umzug	control	1M+
unctx	control	100K-1M
underscore	case	1M+
undici	case	1M+
unenv	control	100K-1M
unhead	case	100K-1M
unimported	control	100K-1M
universal-user-agent	control	1M+
unleash-server	case	10K-100K
unset-value	control	1M+
update-version-webpack	control	1K-10K
uplot	case	100K-1M
urijs	control	1M+
url-parse	control	1M+
url-value-parser	control	1M+
urllib	case	1M+
use-http	control	100K-1M
userflow.js	control	100K-1M
util-nonempty	control	10K-100K
utilities	case	10K-100K
utrie	control	1M+
uuid	case	1M+
uuid4	control	100K-1M
v8-compile-cache-lib	control	1M+
v8-to-istanbul	control	1M+
validate-peer-dependencies	control	100K-1M
vconsole	case	10K-100K
vditor	case	10K-100K
vega	case	1M+
vega-force	control	1M+
vega-functions	case	1M+
vega-hierarchy	control	1M+
vega-regression	control	1M+
vega-selections	case	1M+
vega-time	control	1M+
vega-typings	control	1M+
velocityjs	case	1M+
vercel	case	100K-1M
verdaccio	control	100K-1M
victory-chart	control	100K-1M
victory-errorbar	control	100K-1M
victory-selection-container	control	100K-1M
victory-zoom-container	control	100K-1M
video.js	control	1M+
vite	case	1M+
vite-plugin-mdx	control	100K-1M
vite-plugin-shim-react-pdf	control	10K-100K
vite-plugin-static-copy	case	100K-1M
vite-tsconfig-paths	control	1M+
vitest	case	1M+
vm2	case	1M+
vnu-jar	case	100K-1M
vscode-languageserver	control	1M+
vscode-oniguruma	control	1M+
vue	case	1M+
vue-chartjs	control	1M+
vue-dragscroll	control	10K-100K
vue-fragment	control	100K-1M
vue-i18n	case	1M+
vue-template-compiler	case	1M+
vue-upload-component	control	100K-1M
vuetify	case	1M+
vxe-table	case	10K-100K
wait-port	control	1M+
wasm-opt	control	1K-10K
waterline	control	100K-1M
wdio-lambdatest-service	control	100K-1M
web3-core-method	case	1M+
web3-core-subscriptions	case	1M+
web3-eth-ens	control	1M+
web3-eth-iban	control	1M+
web3-utils	case	1M+
webpack	case	1M+
webpack-cli	control	1M+
webpack-dev-middleware	case	1M+
webpack-dev-server	case	1M+
webpack-plugin-serve	control	100K-1M
webpack-sources	control	1M+
webpack-virtual-modules	control	1M+
webrtc-internals	control	10K-100K
wetty	case	1K-10K
which	control	1M+
which-browser	control	1K-10K
whistle	case	10K-100K
winston-logzio	control	100K-1M
winston-syslog	control	1M+
workbox-broadcast-update	control	1M+
workbox-navigation-preload	control	1M+
workbox-strategies	control	1M+
workbox-sw	control	1M+
workerd	case	1K-10K
wrangler	case	100K-1M
ws	case	1M+
xlsx	case	1M+
xml-crypto	case	1M+
xnft	control	1K-10K
xrpl	case	10K-100K
yaml	case	1M+
yarn	case	1M+
yarn-deduplicate	control	1M+
yeoman-environment	case	1M+
yeoman-generator	control	1M+
yjs	control	100K-1M
zen-observable-ts	control	1M+
zod	case	1M+
zrender	control	1M+
zstd-codec	control	100K-1M
zx	case	100K-1M
